{
  "view/ViewSettingsDialog.fragment.xml": 1640127853875,
  "i18n/i18n_it.properties": 1640778664135,
  "model/formatter.js": 1640127853831,
  "view/ApproversFlow.js": 1640128188067,
  "model/models.js": 1640127853835,
  "manifest.json": 1642174704009,
  "controller/NotFound.controller.js": 1640128603407,
  "controller/Master.controller.js": 1642174666351,
  "controller/ListSelector.js": 1640128626815,
  "controller/ErrorHandler.js": 1640128634787,
  "controller/DetailObjectNotFound.js": 1640128642543,
  "controller/DetailObjectNotFound.controller.js": 1640128649855,
  "controller/Detail.controller.js": 1640958762573,
  "controller/BaseController.js": 1640128667007,
  "controller/App.controller.js": 1640128675531,
  "Component.js": 1640128055479,
  "manifest-bundle.zip": 1642174704026,
  "Component-preload.js": 1642174704950,
  "controller/BaseController-dbg.js": 1640128667007,
  "model/models-dbg.js": 1640127853835,
  "model/formatter-dbg.js": 1640127853831,
  "controller/NotFound-dbg.controller.js": 1640128603407,
  "controller/Master-dbg.controller.js": 1642174666351,
  "controller/ListSelector-dbg.js": 1640128626815,
  "controller/ErrorHandler-dbg.js": 1640128634787,
  "controller/DetailObjectNotFound-dbg.js": 1640128642543,
  "controller/DetailObjectNotFound-dbg.controller.js": 1640128649855,
  "controller/Detail-dbg.controller.js": 1640958762573,
  "view/ApproversFlow-dbg.js": 1640128188067,
  "controller/App-dbg.controller.js": 1640128675531,
  "Component-dbg.js": 1640128055479,
  "i18n/i18n.properties": 1640778649687,
  "view/VendorDetails.fragment.xml": 1640127853875,
  "view/NotFound.view.xml": 1640128121107,
  "view/Master.view.xml": 1640128146279,
  "view/Item.fragment.xml": 1640127853871,
  "view/GroupFilter.fragment.xml": 1640127853867,
  "view/FilterDialog.fragment.xml": 1640127853867,
  "view/DetailObjectNotFound.view.xml": 1640128168247,
  "view/Detail.view.xml": 1640128176383,
  "view/DecisionStep.fragment.xml": 1640127853855,
  "view/ApproversFlow.control.xml": 1640127853847,
  "view/App.view.xml": 1640128206795,
  "css/style.css": 1640127853811,
  "test.html": 1640127853847,
  "index.html": 1640128043295
}