{
  "Component-dbg.js": 1679654663424,
  "i18n/i18n_it.properties": 1680164501512,
  "controller/DetailObjectNotFound.js": 1658239290000,
  "view/ApproversFlow.js": 1658239290000,
  "model/models.js": 1658239290000,
  "model/formatter.js": 1658239290000,
  "controller/NotFound.controller.js": 1658239290000,
  "controller/Master.controller.js": 1680013104301,
  "controller/ListSelector.js": 1658239290000,
  "controller/ErrorHandler.js": 1658239290000,
  "manifest.json": 1680164702432,
  "controller/DetailObjectNotFound.controller.js": 1658239290000,
  "controller/Detail.controller.js": 1680164293527,
  "controller/BaseController.js": 1658239290000,
  "controller/App.controller.js": 1658239290000,
  "Component.js": 1679654663424,
  "manifest-bundle.zip": 1680164702446,
  "Component-preload.js": 1680164702928,
  "controller/ListSelector-dbg.js": 1658239290000,
  "model/models-dbg.js": 1658239290000,
  "model/formatter-dbg.js": 1658239290000,
  "controller/NotFound-dbg.controller.js": 1658239290000,
  "controller/Master-dbg.controller.js": 1680013104301,
  "view/ApproversFlow-dbg.js": 1658239290000,
  "controller/ErrorHandler-dbg.js": 1658239290000,
  "controller/DetailObjectNotFound-dbg.js": 1658239290000,
  "controller/DetailObjectNotFound-dbg.controller.js": 1658239290000,
  "controller/Detail-dbg.controller.js": 1680164293527,
  "controller/BaseController-dbg.js": 1658239290000,
  "controller/App-dbg.controller.js": 1658239290000,
  "i18n/i18n.properties": 1680164518764,
  "view/ViewSettingsDialog.fragment.xml": 1658239290000,
  "view/VendorDetails.fragment.xml": 1658239290000,
  "view/NotFound.view.xml": 1658239290000,
  "view/Master.view.xml": 1679563427787,
  "view/Item.fragment.xml": 1658239290000,
  "view/GroupFilter.fragment.xml": 1658239290000,
  "view/FilterDialog.fragment.xml": 1658239290000,
  "view/DetailObjectNotFound.view.xml": 1658239290000,
  "view/Detail.view.xml": 1679561556739,
  "view/DecisionStep.fragment.xml": 1680164687869,
  "view/ApproversFlow.control.xml": 1658239290000,
  "view/App.view.xml": 1658239290000,
  "css/style.css": 1679564270230,
  "test.html": 1658239290000,
  "index.html": 1679653468805
}